<?xml version="1.0" encoding="UTF-8" standalone="yes"?>
<addon id="service.thoradia"
       name="Thoradia Add-ons"
       version="9.80.7.25"
       provider-name="thoradia">
  <requires>
    <import addon="xbmc.python" version="3.0.0"/>

  </requires>
  <extension point="xbmc.service" library="default.py">
    <provides></provides>
  </extension>
  <extension point="xbmc.addon.repository">
    <datadir zip="true">https://raw.githubusercontent.com/thoradia/thoradia/9.80.7/9.80.7/ARMv8/arm/</datadir>
    <info>https://raw.githubusercontent.com/thoradia/thoradia/9.80.7/9.80.7/ARMv8/arm/addons.xml</info>
    <checksum>https://raw.githubusercontent.com/thoradia/thoradia/9.80.7/9.80.7/ARMv8/arm/addons.xml.md5</checksum>
  </extension>
  <extension point="xbmc.addon.metadata">
    <summary>Thoradia Add-ons: add-on repository</summary>
    <description>
Thoradia Add-ons (25) add-on repository, provides aria2, Bazarr, btfs, CouchPotato, Deluge, FlexGet, Headphones, Jackett, Lidarr, Medusa, Mono, NZBGet, NZBHydra, qBittorent, Radarr, rTorrent, ruTorrent, SABnzbd, Sonarr, Thoradia VPN interface, Transmission and WebGrab+Plus.
    </description>
    <disclaimer>
Keep it legal and carry on
    </disclaimer>
    <platform>all</platform>
    <news>
- Thoradia Add-ons version 25
- Split add-on versions in corresponding git branches
    </news>
    <assets>
      <icon>resources/icon.png</icon>
      <fanart>resources/fanart.png</fanart>

    </assets>
  </extension>
</addon>
