<?xml version="1.0" encoding="UTF-8" standalone="yes"?>
<addon id="service.nzbget"
       name="NZBGet"
       version="9.80.7.16"
       provider-name="thoradia">
  <requires>
    <import addon="xbmc.python" version="3.0.0"/>

  </requires>
  <extension point="xbmc.service" library="default.py">
    <provides></provides>
  </extension>
  <extension point="xbmc.addon.metadata">
    <summary>NZBGet: efficient Usenet downloader</summary>
    <description>
NZBGet (21.0) is an efficient Usenet downloader.
    </description>
    <disclaimer>
Keep it legal and carry on
    </disclaimer>
    <platform>all</platform>
    <news>
- NZBGet version 21.0
    </news>
    <assets>
      <icon>resources/icon.png</icon>
      <fanart>resources/fanart.png</fanart>

    </assets>
  </extension>
</addon>
