<?xml version="1.0" encoding="UTF-8" standalone="yes"?>
<addon id="service.deluge"
       name="Deluge"
       version="9.80.7.32"
       provider-name="thoradia">
  <requires>
    <import addon="xbmc.python" version="3.0.0"/>

  </requires>
  <extension point="xbmc.service" library="default.py">
    <provides></provides>
  </extension>
  <extension point="xbmc.addon.metadata">
    <summary>Deluge: lightweight, free software, cross-platform BitTorrent client</summary>
    <description>
Deluge (2.0.3) is a lightweight, free software, cross-platform BitTorrent client.
    </description>
    <disclaimer>
Keep it legal and carry on
    </disclaimer>
    <platform>all</platform>
    <news>
- Deluge version 2.0.3
    </news>
    <assets>
      <icon>resources/icon.png</icon>
      <fanart>resources/fanart.png</fanart>

    </assets>
  </extension>
</addon>
