<?xml version="1.0" encoding="UTF-8" standalone="yes"?>
<addon id="service.rtorrent"
       name="rTorrent"
       version="9.80.7.11"
       provider-name="thoradia">
  <requires>
    <import addon="xbmc.python" version="3.0.0"/>

  </requires>
  <extension point="xbmc.service" library="default.py">
    <provides></provides>
  </extension>
  <extension point="xbmc.addon.metadata">
    <summary>rTorrent: quick and efficient BitTorrent client</summary>
    <description>
rTorrent (0.9.8) is a quick and efficient BitTorrent client.
    </description>
    <disclaimer>
Keep it legal and carry on
    </disclaimer>
    <platform>all</platform>
    <news>
- rTorrent version 0.9.8
    </news>
    <assets>
      <icon>resources/icon.png</icon>
      <fanart>resources/fanart.png</fanart>

    </assets>
  </extension>
</addon>
