<?xml version="1.0" encoding="UTF-8" standalone="yes"?>
<addon id="service.rutorrent"
       name="ruTorrent"
       version="9.80.8.12"
       provider-name="thoradia">
  <requires>
    <import addon="xbmc.python" version="3.0.0"/>

    <import addon="service.rtorrent" version="0.0.0" />
  </requires>
  <extension point="xbmc.service" library="default.py">
    <provides></provides>
  </extension>
  <extension point="xbmc.addon.metadata">
    <summary>ruTorrent: web front-end for rTorrent</summary>
    <description>
ruTorrent (3.10) is a web front-end for rtorrent designed to emulate the look and feel of µTorrent web user interface.
    </description>
    <disclaimer>
Keep it legal and carry on
    </disclaimer>
    <platform>all</platform>
    <news>
- ruTorrent version 3.10
    </news>
    <assets>
      <icon>resources/icon.png</icon>
      <fanart>resources/fanart.png</fanart>

    </assets>
  </extension>
</addon>
