<?xml version="1.0" encoding="UTF-8" standalone="yes"?>
<addon id="service.flexget"
       name="FlexGet"
       version="9.80.8.22"
       provider-name="thoradia">
  <requires>
    <import addon="xbmc.python" version="3.0.0"/>

  </requires>
  <extension point="xbmc.service" library="default.py">
    <provides></provides>
  </extension>
  <extension point="xbmc.addon.metadata">
    <summary>FlexGet: automate downloading or processing content from different sources</summary>
    <description>
FlexGet (3.1.89) is a program aimed to automate downloading or processing content (torrents, podcasts, etc.) from different sources like RSS-feeds, html-pages, various sites and more.
    </description>
    <disclaimer>
Keep it legal and carry on
    </disclaimer>
    <platform>all</platform>
    <news>
- FlexGet version 3.1.89
    </news>
    <assets>
      <icon>resources/icon.png</icon>
      <fanart>resources/fanart.png</fanart>

    </assets>
  </extension>
</addon>
