<?xml version="1.0" encoding="UTF-8" standalone="yes"?>
<addon id="virtual.thoradia-mono"
       name="Thoradia .Net and Mono Tools"
       version="9.80.7.17"
       provider-name="thoradia">
  <requires>
    <import addon="xbmc.python" version="3.0.0"/>

  </requires>
  <extension point="xbmc.python.script" library="default.py">
    <provides></provides>
  </extension>
  <extension point="xbmc.addon.metadata">
    <summary>Thoradia .Net and Mono Tools: a bundle of tools required by .Net and Mono add-ons</summary>
    <description>
Thoradia .Net and Mono Tools (17) includes the ICU and MediaInfo shared libraries.
    </description>
    <disclaimer>
Keep it legal and carry on
    </disclaimer>
    <platform>all</platform>
    <news>
- icu version 68.1
  libmediainfo-shared version 20.09
    </news>
    <assets>
      <icon>resources/icon.png</icon>
      <fanart>resources/fanart.png</fanart>

    </assets>
  </extension>
</addon>
